{"cameraMode":{"drawMode":0,"name":"Shaded","section":"Shading Mode"},"sceneLighting":false,"audioPlay":false,"sceneViewState":{"m_AlwaysRefresh":false,"showFog":true,"showSkybox":false,"showFlares":true,"showImageEffects":true,"showParticleSystems":true,"showVisualEffectGraphs":true,"m_FxEnabled":true},"in2DMode":false,"pivot":{"x":-0.006943397223949432,"y":0.2145180106163025,"z":0.25666528940200808},"rotation":{"x":0.013141968287527562,"y":0.9741699695587158,"z":-0.2176487296819687,"w":0.058814194053411487},"size":0.45414164662361147,"orthographic":false}