{"cameraMode":{"drawMode":0,"name":"Shaded","section":"Shading Mode"},"sceneLighting":false,"audioPlay":false,"sceneViewState":{"m_AlwaysRefresh":false,"showFog":true,"showSkybox":false,"showFlares":true,"showImageEffects":true,"showParticleSystems":true,"showVisualEffectGraphs":true,"m_FxEnabled":true},"in2DMode":false,"pivot":{"x":-0.08238865435123444,"y":0.35998308658599856,"z":-0.05024081468582153},"rotation":{"x":0.018712295219302179,"y":0.9766408801078796,"z":-0.1916884183883667,"w":0.09532865136861801},"size":0.45414164662361147,"orthographic":false}